{"cameraMode":{"drawMode":0,"name":"Shaded","section":"Shading Mode"},"sceneLighting":false,"audioPlay":false,"sceneViewState":{"showFog":true,"showMaterialUpdate":false,"showSkybox":false,"showFlares":true,"showImageEffects":true,"showParticleSystems":true},"in2DMode":false,"pivot":{"x":0.009999990463256836,"y":1.5399999618530274,"z":-0.2900000214576721},"rotation":{"x":-0.15137377381324769,"y":-0.30233556032180788,"z":0.04847339540719986,"w":-0.939876139163971},"size":1.179439902305603,"orthographic":false}